ID,App,Workstream,Status,Priority,Phase,Target Window,Owner,Customer Outcome,Step-by-Step Tasks,Dependencies,Capability Keys,Usage Meters,Events,Artifacts,Acceptance Criteria,Verification,Evidence / Agent Notes,Research Basis,Competitive Angle,Risks / Controls
ELK-ORCA-PROD-000,Orca,Research And Selection,Done,P0,0 - Research And Operating Model,Week 0,Coordinator Agent,The next app is selected with market-backed reasoning.,"Confirm Workspace, Social, Memory, Omni, OS, and Studio roadmap packets are complete; select elkhedr-orca as the next standalone app roadmap.",Previous roadmap packets,orca.roadmap,planning.roadmap.create,orca.roadmap_selected,roadmap.decision,Decision names Orca and explains its governed execution role.,Review research memo and row ELK-ORCA-PROD-000.,Research memo created 2026-06-15.,AI coding agents and MCP execution tools are growing quickly but need governance.,Orca becomes the governed enterprise execution runtime.,"If app order changes, create a superseding decision row and preserve this audit trail."
ELK-ORCA-PROD-001,Orca,Roadmap Source Of Truth,Done,P0,0 - Research And Operating Model,Week 0,Orca Agent,Agents have a production task ledger they can update after each task.,"Create CSV with stable IDs; include owner, status, evidence, verification, acceptance, capabilities, events, artifacts, research basis, and risks; create XLSX review workbook.",Research memo,orca.roadmap,planning.roadmap.update,orca.roadmap_created,roadmap.csv; roadmap.xlsx,CSV has 21-column shape and unique row IDs.,Load CSV with Python and XLSX with openpyxl.,Generated alongside Orca research packet.,CSV roadmaps are easier for agents to update than prose plans.,CSV is source of truth; workbook is review artifact.,Agents must update CSV first and regenerate workbook after CSV changes.
ELK-ORCA-PROD-002,Orca,Agent Guide,Done,P0,0 - Research And Operating Model,Week 0,Orca Agent,"Future Orca agents know roadmap, boundaries, and execution rules.","Update Orca agent guide with research, CSV, XLSX paths; add production priorities and CSV update rules.",docs/agent-ops/apps/orca-agent.md,orca.agent,planning.agent.update,orca.agent_guide_updated,agent.guide,Guide links roadmap files and instructs CSV updates.,Review Orca Agent Guide.,Agent guide updated in this workflow.,Enterprise agent execution needs explicit operating discipline.,Keeps Orca independent while safe to integrate.,"Do not let Studio, OS, Omni, or other apps import Orca runtime modules."
ELK-ORCA-PROD-003,Orca,Contract Change Request,Done,P0,1 - Contracts And Boundaries,Week 1,Contracts Agent,Customers can rely on contract change request as part of a governed Orca execution runtime.,Define the production contract for Contract Change Request; implement or verify the runtime path; add synthetic fixtures and negative tests; document operator behavior; update this CSV row with evidence after verification.,Contracts README; app split plan,orca.contracts,orca.contracts.usage,contracts.change_requested,contract.change_request,"Contract Change Request is implemented, documented, tested, emits the expected events/artifacts, and cannot bypass approval, sandbox, audit, or standalone boundary rules.",python3 scripts/validate-app-contracts.py,"Implemented src/contracts/change-request.js, src/server/routes/orca-contracts.js, scripts/validate-app-contracts.py, tests/unit/orca-contract-change-request.test.js, and fixtures. Updated manifest with orca.contract_change_* event/artifact types. All validation checks pass.",Coding agents and MCP runtimes require stable contracts and least-privilege boundaries.,"Orca competes on governed execution rather than broad, opaque autonomy.",Reject invalid contracts and deny unknown actions/tools by default.
ELK-ORCA-PROD-004,Orca,Manifest Validation,Proposed,P0,1 - Contracts And Boundaries,Week 1,Orca Agent,Customers can rely on manifest validation as part of a governed Orca execution runtime.,Define the production contract for Manifest Validation; implement or verify the runtime path; add synthetic fixtures and negative tests; document operator behavior; update this CSV row with evidence after verification.,Existing manifest,orca.manifest,orca.manifest.usage,orca.manifest_validated,app.manifest,"Manifest Validation is implemented, documented, tested, emits the expected events/artifacts, and cannot bypass approval, sandbox, audit, or standalone boundary rules.",cd elkhedr-orca && npm run manifest,Pending implementation.,Coding agents and MCP runtimes require stable contracts and least-privilege boundaries.,"Orca competes on governed execution rather than broad, opaque autonomy.",Reject invalid contracts and deny unknown actions/tools by default.
ELK-ORCA-PROD-005,Orca,OpenAPI Service Contract,Proposed,P0,1 - Contracts And Boundaries,Week 1,Contracts Agent,Customers can rely on openapi service contract as part of a governed Orca execution runtime.,Define the production contract for OpenAPI Service Contract; implement or verify the runtime path; add synthetic fixtures and negative tests; document operator behavior; update this CSV row with evidence after verification.,Contract change request,orca.api,orca.api.usage,orca.openapi_updated,openapi.orca,"OpenAPI Service Contract is implemented, documented, tested, emits the expected events/artifacts, and cannot bypass approval, sandbox, audit, or standalone boundary rules.",python3 scripts/validate-app-contracts.py,Pending implementation.,Coding agents and MCP runtimes require stable contracts and least-privilege boundaries.,"Orca competes on governed execution rather than broad, opaque autonomy.",Reject invalid contracts and deny unknown actions/tools by default.
ELK-ORCA-PROD-006,Orca,MCP Schema Contract,Proposed,P0,1 - Contracts And Boundaries,Week 1,Contracts Agent,Customers can rely on mcp schema contract as part of a governed Orca execution runtime.,Define the production contract for MCP Schema Contract; implement or verify the runtime path; add synthetic fixtures and negative tests; document operator behavior; update this CSV row with evidence after verification.,MCP server; OpenAPI,orca.mcp,orca.mcp.usage,orca.mcp_schema_updated,mcp.schema,"MCP Schema Contract is implemented, documented, tested, emits the expected events/artifacts, and cannot bypass approval, sandbox, audit, or standalone boundary rules.",MCP schema validation tests pass.,Pending implementation.,Coding agents and MCP runtimes require stable contracts and least-privilege boundaries.,"Orca competes on governed execution rather than broad, opaque autonomy.",Reject invalid contracts and deny unknown actions/tools by default.
ELK-ORCA-PROD-007,Orca,Action Approval Contract,Proposed,P0,1 - Contracts And Boundaries,Week 1,Contracts Agent,Customers can rely on action approval contract as part of a governed Orca execution runtime.,Define the production contract for Action Approval Contract; implement or verify the runtime path; add synthetic fixtures and negative tests; document operator behavior; update this CSV row with evidence after verification.,Existing action store,orca.actions; orca.approvals,orca.actions.usage; orca.approvals.usage,orca.action_requested; orca.action_approved; orca.action_rejected,orca.action,"Action Approval Contract is implemented, documented, tested, emits the expected events/artifacts, and cannot bypass approval, sandbox, audit, or standalone boundary rules.",node --test tests/unit/orca-action-contract.test.js,Pending implementation.,Coding agents and MCP runtimes require stable contracts and least-privilege boundaries.,"Orca competes on governed execution rather than broad, opaque autonomy.",Reject invalid contracts and deny unknown actions/tools by default.
ELK-ORCA-PROD-008,Orca,Event Contracts,Proposed,P0,1 - Contracts And Boundaries,Week 1,Contracts Agent,Customers can rely on event contracts as part of a governed Orca execution runtime.,Define the production contract for Event Contracts; implement or verify the runtime path; add synthetic fixtures and negative tests; document operator behavior; update this CSV row with evidence after verification.,Action contract; OS event envelope,orca.events,orca.events.usage,orca.run_started; orca.action_requested; orca.run_completed,orca.event.ref,"Event Contracts is implemented, documented, tested, emits the expected events/artifacts, and cannot bypass approval, sandbox, audit, or standalone boundary rules.",Event fixture validation passes.,Pending implementation.,Coding agents and MCP runtimes require stable contracts and least-privilege boundaries.,"Orca competes on governed execution rather than broad, opaque autonomy.",Reject invalid contracts and deny unknown actions/tools by default.
ELK-ORCA-PROD-009,Orca,Artifact Contracts,Proposed,P0,1 - Contracts And Boundaries,Week 1,Contracts Agent,Customers can rely on artifact contracts as part of a governed Orca execution runtime.,Define the production contract for Artifact Contracts; implement or verify the runtime path; add synthetic fixtures and negative tests; document operator behavior; update this CSV row with evidence after verification.,Event contracts,orca.artifacts,orca.artifacts.usage,orca.artifact_created,orca.run; orca.report; orca.patch,"Artifact Contracts is implemented, documented, tested, emits the expected events/artifacts, and cannot bypass approval, sandbox, audit, or standalone boundary rules.",Artifact fixture validation passes.,Pending implementation.,Coding agents and MCP runtimes require stable contracts and least-privilege boundaries.,"Orca competes on governed execution rather than broad, opaque autonomy.",Reject invalid contracts and deny unknown actions/tools by default.
ELK-ORCA-PROD-010,Orca,Capability Registry,Proposed,P0,1 - Contracts And Boundaries,Week 1,Orca Agent,Customers can rely on capability registry as part of a governed Orca execution runtime.,Define the production contract for Capability Registry; implement or verify the runtime path; add synthetic fixtures and negative tests; document operator behavior; update this CSV row with evidence after verification.,Manifest; entitlement gateway,orca.*,orca.*.usage,orca.capability_registered,capability.registry,"Capability Registry is implemented, documented, tested, emits the expected events/artifacts, and cannot bypass approval, sandbox, audit, or standalone boundary rules.",npm run production:check,Pending implementation.,Coding agents and MCP runtimes require stable contracts and least-privilege boundaries.,"Orca competes on governed execution rather than broad, opaque autonomy.",Reject invalid contracts and deny unknown actions/tools by default.
ELK-ORCA-PROD-011,Orca,Usage Meters,Proposed,P0,1 - Contracts And Boundaries,Week 1,Orca Agent,Customers can rely on usage meters as part of a governed Orca execution runtime.,Define the production contract for Usage Meters; implement or verify the runtime path; add synthetic fixtures and negative tests; document operator behavior; update this CSV row with evidence after verification.,Capability Registry,orca.usage,orca.usage.usage,orca.usage_recorded,usage.meter,"Usage Meters is implemented, documented, tested, emits the expected events/artifacts, and cannot bypass approval, sandbox, audit, or standalone boundary rules.",Usage meter tests pass.,Pending implementation.,Coding agents and MCP runtimes require stable contracts and least-privilege boundaries.,"Orca competes on governed execution rather than broad, opaque autonomy.",Reject invalid contracts and deny unknown actions/tools by default.
ELK-ORCA-PROD-012,Orca,Agent Registry Schema,Proposed,P0,1 - Contracts And Boundaries,Week 1,Contracts Agent,Customers can rely on agent registry schema as part of a governed Orca execution runtime.,Define the production contract for Agent Registry Schema; implement or verify the runtime path; add synthetic fixtures and negative tests; document operator behavior; update this CSV row with evidence after verification.,Existing agents.json,orca.agents,orca.agents.usage,orca.agent_schema_updated,agent.schema,"Agent Registry Schema is implemented, documented, tested, emits the expected events/artifacts, and cannot bypass approval, sandbox, audit, or standalone boundary rules.",Agent schema fixture validation passes.,Pending implementation.,Coding agents and MCP runtimes require stable contracts and least-privilege boundaries.,"Orca competes on governed execution rather than broad, opaque autonomy.",Reject invalid contracts and deny unknown actions/tools by default.
ELK-ORCA-PROD-013,Orca,Session Run Schema,Proposed,P0,1 - Contracts And Boundaries,Week 1,Contracts Agent,Customers can rely on session run schema as part of a governed Orca execution runtime.,Define the production contract for Session Run Schema; implement or verify the runtime path; add synthetic fixtures and negative tests; document operator behavior; update this CSV row with evidence after verification.,OpenAPI service contract,orca.sessions; orca.runs,orca.sessions.usage; orca.runs.usage,orca.run_schema_updated,run.schema,"Session Run Schema is implemented, documented, tested, emits the expected events/artifacts, and cannot bypass approval, sandbox, audit, or standalone boundary rules.",Run schema tests pass.,Pending implementation.,Coding agents and MCP runtimes require stable contracts and least-privilege boundaries.,"Orca competes on governed execution rather than broad, opaque autonomy.",Reject invalid contracts and deny unknown actions/tools by default.
ELK-ORCA-PROD-014,Orca,Sandbox Profile Schema,Proposed,P0,1 - Contracts And Boundaries,Week 1,Security Agent,Customers can rely on sandbox profile schema as part of a governed Orca execution runtime.,Define the production contract for Sandbox Profile Schema; implement or verify the runtime path; add synthetic fixtures and negative tests; document operator behavior; update this CSV row with evidence after verification.,Action contract,orca.sandbox,orca.sandbox.usage,orca.sandbox_profile_updated,sandbox.profile,"Sandbox Profile Schema is implemented, documented, tested, emits the expected events/artifacts, and cannot bypass approval, sandbox, audit, or standalone boundary rules.",Sandbox schema tests pass.,Pending implementation.,Coding agents and MCP runtimes require stable contracts and least-privilege boundaries.,"Orca competes on governed execution rather than broad, opaque autonomy.",Reject invalid contracts and deny unknown actions/tools by default.
ELK-ORCA-PROD-015,Orca,Tool Policy Schema,Proposed,P0,1 - Contracts And Boundaries,Week 1,Security Agent,Customers can rely on tool policy schema as part of a governed Orca execution runtime.,Define the production contract for Tool Policy Schema; implement or verify the runtime path; add synthetic fixtures and negative tests; document operator behavior; update this CSV row with evidence after verification.,MCP schema; sandbox profile,orca.tools,orca.tools.usage,orca.tool_policy_updated,tool.policy,"Tool Policy Schema is implemented, documented, tested, emits the expected events/artifacts, and cannot bypass approval, sandbox, audit, or standalone boundary rules.",Tool policy fixture tests pass.,Pending implementation.,Coding agents and MCP runtimes require stable contracts and least-privilege boundaries.,"Orca competes on governed execution rather than broad, opaque autonomy.",Reject invalid contracts and deny unknown actions/tools by default.
ELK-ORCA-PROD-016,Orca,Boundary Policy,Proposed,P0,1 - Contracts And Boundaries,Week 1,Coordinator Agent,Customers can rely on boundary policy as part of a governed Orca execution runtime.,Define the production contract for Boundary Policy; implement or verify the runtime path; add synthetic fixtures and negative tests; document operator behavior; update this CSV row with evidence after verification.,Standalone app separation guide,orca.boundaries,orca.boundaries.usage,orca.boundary_policy_updated,boundary.policy,"Boundary Policy is implemented, documented, tested, emits the expected events/artifacts, and cannot bypass approval, sandbox, audit, or standalone boundary rules.",python3 scripts/check-app-boundaries.py,Pending implementation.,Coding agents and MCP runtimes require stable contracts and least-privilege boundaries.,"Orca competes on governed execution rather than broad, opaque autonomy.",Reject invalid contracts and deny unknown actions/tools by default.
ELK-ORCA-PROD-017,Orca,Baseline Runtime Audit,Proposed,P0,2 - CLI MCP Service Foundation,Week 1-2,Orca Agent,Customers can rely on baseline runtime audit as part of a governed Orca execution runtime.,Define the production contract for Baseline Runtime Audit; implement or verify the runtime path; add synthetic fixtures and negative tests; document operator behavior; update this CSV row with evidence after verification.,Existing Orca runtime,orca.health,orca.health.usage,orca.baseline_audited,baseline.report,"Baseline Runtime Audit is implemented, documented, tested, emits the expected events/artifacts, and cannot bypass approval, sandbox, audit, or standalone boundary rules.",cd elkhedr-orca && npm run manifest && npm test,Pending implementation.,"Terminal agents must be reliable, observable, and easy to install before autonomy.",A hardened CLI/MCP/service foundation makes Orca usable without Studio.,Default checks must remain resource efficient and never launch long autonomous loops.
ELK-ORCA-PROD-018,Orca,CLI Command Hardening,Proposed,P0,2 - CLI MCP Service Foundation,Week 1-2,Orca Agent,Customers can rely on cli command hardening as part of a governed Orca execution runtime.,Define the production contract for CLI Command Hardening; implement or verify the runtime path; add synthetic fixtures and negative tests; document operator behavior; update this CSV row with evidence after verification.,src/index.js; cli args,orca.cli,orca.cli.usage,orca.cli_hardened,cli.report,"CLI Command Hardening is implemented, documented, tested, emits the expected events/artifacts, and cannot bypass approval, sandbox, audit, or standalone boundary rules.",node --check src/index.js,Pending implementation.,"Terminal agents must be reliable, observable, and easy to install before autonomy.",A hardened CLI/MCP/service foundation makes Orca usable without Studio.,Default checks must remain resource efficient and never launch long autonomous loops.
ELK-ORCA-PROD-019,Orca,TUI Hardening,Proposed,P1,2 - CLI MCP Service Foundation,Week 1-2,Orca Agent,Customers can rely on tui hardening as part of a governed Orca execution runtime.,Define the production contract for TUI Hardening; implement or verify the runtime path; add synthetic fixtures and negative tests; document operator behavior; update this CSV row with evidence after verification.,src/tui.js,orca.tui,orca.tui.usage,orca.tui_hardened,tui.report,"TUI Hardening is implemented, documented, tested, emits the expected events/artifacts, and cannot bypass approval, sandbox, audit, or standalone boundary rules.",node --check src/tui.js where present,Pending implementation.,"Terminal agents must be reliable, observable, and easy to install before autonomy.",A hardened CLI/MCP/service foundation makes Orca usable without Studio.,Default checks must remain resource efficient and never launch long autonomous loops.
ELK-ORCA-PROD-020,Orca,Service Mode API Server,Proposed,P0,2 - CLI MCP Service Foundation,Week 1-2,Orca Agent,Customers can rely on service mode api server as part of a governed Orca execution runtime.,Define the production contract for Service Mode API Server; implement or verify the runtime path; add synthetic fixtures and negative tests; document operator behavior; update this CSV row with evidence after verification.,src/server/index.js; service routes,orca.service,orca.service.usage,orca.service_ready,service.report,"Service Mode API Server is implemented, documented, tested, emits the expected events/artifacts, and cannot bypass approval, sandbox, audit, or standalone boundary rules.",node --check src/server/index.js where present,Pending implementation.,"Terminal agents must be reliable, observable, and easy to install before autonomy.",A hardened CLI/MCP/service foundation makes Orca usable without Studio.,Default checks must remain resource efficient and never launch long autonomous loops.
ELK-ORCA-PROD-021,Orca,Service Status Endpoint,Proposed,P0,2 - CLI MCP Service Foundation,Week 1-2,Orca Agent,Customers can rely on service status endpoint as part of a governed Orca execution runtime.,Define the production contract for Service Status Endpoint; implement or verify the runtime path; add synthetic fixtures and negative tests; document operator behavior; update this CSV row with evidence after verification.,Service routes,orca.status,orca.status.usage,orca.status_checked,status.response,"Service Status Endpoint is implemented, documented, tested, emits the expected events/artifacts, and cannot bypass approval, sandbox, audit, or standalone boundary rules.",Parent compose full-smoke when Orca is running.,Pending implementation.,"Terminal agents must be reliable, observable, and easy to install before autonomy.",A hardened CLI/MCP/service foundation makes Orca usable without Studio.,Default checks must remain resource efficient and never launch long autonomous loops.
ELK-ORCA-PROD-022,Orca,Configuration Surface,Proposed,P0,2 - CLI MCP Service Foundation,Week 1-2,Orca Agent,Customers can rely on configuration surface as part of a governed Orca execution runtime.,Define the production contract for Configuration Surface; implement or verify the runtime path; add synthetic fixtures and negative tests; document operator behavior; update this CSV row with evidence after verification.,Config modules,orca.settings,orca.settings.usage,orca.config_updated,config.schema,"Configuration Surface is implemented, documented, tested, emits the expected events/artifacts, and cannot bypass approval, sandbox, audit, or standalone boundary rules.",Config tests pass.,Pending implementation.,"Terminal agents must be reliable, observable, and easy to install before autonomy.",A hardened CLI/MCP/service foundation makes Orca usable without Studio.,Default checks must remain resource efficient and never launch long autonomous loops.
ELK-ORCA-PROD-023,Orca,Data Directory Bootstrap,Proposed,P0,2 - CLI MCP Service Foundation,Week 1-2,Orca Agent,Customers can rely on data directory bootstrap as part of a governed Orca execution runtime.,Define the production contract for Data Directory Bootstrap; implement or verify the runtime path; add synthetic fixtures and negative tests; document operator behavior; update this CSV row with evidence after verification.,Configuration surface,orca.storage,orca.storage.usage,orca.store_initialized,storage.metadata,"Data Directory Bootstrap is implemented, documented, tested, emits the expected events/artifacts, and cannot bypass approval, sandbox, audit, or standalone boundary rules.",Run with temporary data dir and create a sample session.,Pending implementation.,"Terminal agents must be reliable, observable, and easy to install before autonomy.",A hardened CLI/MCP/service foundation makes Orca usable without Studio.,Default checks must remain resource efficient and never launch long autonomous loops.
ELK-ORCA-PROD-024,Orca,Database Migrations,Proposed,P0,2 - CLI MCP Service Foundation,Week 1-2,Orca Agent,Customers can rely on database migrations as part of a governed Orca execution runtime.,Define the production contract for Database Migrations; implement or verify the runtime path; add synthetic fixtures and negative tests; document operator behavior; update this CSV row with evidence after verification.,src/db migrations,orca.migrations,orca.migrations.usage,orca.store_migrated,migration.log,"Database Migrations is implemented, documented, tested, emits the expected events/artifacts, and cannot bypass approval, sandbox, audit, or standalone boundary rules.",npm run db:migrate:status and migration tests pass.,Pending implementation.,"Terminal agents must be reliable, observable, and easy to install before autonomy.",A hardened CLI/MCP/service foundation makes Orca usable without Studio.,Default checks must remain resource efficient and never launch long autonomous loops.
ELK-ORCA-PROD-025,Orca,Backup Restore,Proposed,P0,2 - CLI MCP Service Foundation,Week 1-2,Orca Agent,Customers can rely on backup restore as part of a governed Orca execution runtime.,Define the production contract for Backup Restore; implement or verify the runtime path; add synthetic fixtures and negative tests; document operator behavior; update this CSV row with evidence after verification.,Backup scripts,orca.backup,orca.backup.usage,orca.backup_created; orca.restore_completed,backup.pack,"Backup Restore is implemented, documented, tested, emits the expected events/artifacts, and cannot bypass approval, sandbox, audit, or standalone boundary rules.",Backup/restore tests pass.,Pending implementation.,"Terminal agents must be reliable, observable, and easy to install before autonomy.",A hardened CLI/MCP/service foundation makes Orca usable without Studio.,Default checks must remain resource efficient and never launch long autonomous loops.
ELK-ORCA-PROD-026,Orca,Install Script Hardening,Proposed,P0,2 - CLI MCP Service Foundation,Week 1-2,Security Agent,Customers can rely on install script hardening as part of a governed Orca execution runtime.,Define the production contract for Install Script Hardening; implement or verify the runtime path; add synthetic fixtures and negative tests; document operator behavior; update this CSV row with evidence after verification.,install.sh,orca.install,orca.install.usage,orca.install_checked,install.report,"Install Script Hardening is implemented, documented, tested, emits the expected events/artifacts, and cannot bypass approval, sandbox, audit, or standalone boundary rules.",bash -n install.sh,Pending implementation.,"Terminal agents must be reliable, observable, and easy to install before autonomy.",A hardened CLI/MCP/service foundation makes Orca usable without Studio.,Default checks must remain resource efficient and never launch long autonomous loops.
ELK-ORCA-PROD-027,Orca,Health Readiness Checks,Proposed,P0,2 - CLI MCP Service Foundation,Week 1-2,Orca Agent,Customers can rely on health readiness checks as part of a governed Orca execution runtime.,Define the production contract for Health Readiness Checks; implement or verify the runtime path; add synthetic fixtures and negative tests; document operator behavior; update this CSV row with evidence after verification.,Service status; config,orca.health,orca.health.usage,orca.health_checked,health.report,"Health Readiness Checks is implemented, documented, tested, emits the expected events/artifacts, and cannot bypass approval, sandbox, audit, or standalone boundary rules.",npm run health and service health tests pass.,Pending implementation.,"Terminal agents must be reliable, observable, and easy to install before autonomy.",A hardened CLI/MCP/service foundation makes Orca usable without Studio.,Default checks must remain resource efficient and never launch long autonomous loops.
ELK-ORCA-PROD-028,Orca,Logging Redaction,Proposed,P0,2 - CLI MCP Service Foundation,Week 1-2,Security Agent,Customers can rely on logging redaction as part of a governed Orca execution runtime.,Define the production contract for Logging Redaction; implement or verify the runtime path; add synthetic fixtures and negative tests; document operator behavior; update this CSV row with evidence after verification.,Logger utilities,orca.logs,orca.logs.usage,orca.log_redacted,support.log,"Logging Redaction is implemented, documented, tested, emits the expected events/artifacts, and cannot bypass approval, sandbox, audit, or standalone boundary rules.",Log redaction tests and sample inspection pass.,Pending implementation.,"Terminal agents must be reliable, observable, and easy to install before autonomy.",A hardened CLI/MCP/service foundation makes Orca usable without Studio.,Default checks must remain resource efficient and never launch long autonomous loops.
ELK-ORCA-PROD-029,Orca,Resource Modes,Proposed,P1,2 - CLI MCP Service Foundation,Week 1-2,Orca Agent,Customers can rely on resource modes as part of a governed Orca execution runtime.,Define the production contract for Resource Modes; implement or verify the runtime path; add synthetic fixtures and negative tests; document operator behavior; update this CSV row with evidence after verification.,README resource budgets,orca.resource_mode,orca.resource_mode.usage,orca.resource_mode_updated,resource.profile,"Resource Modes is implemented, documented, tested, emits the expected events/artifacts, and cannot bypass approval, sandbox, audit, or standalone boundary rules.",Docs and scripts reflect resource modes.,Pending implementation.,"Terminal agents must be reliable, observable, and easy to install before autonomy.",A hardened CLI/MCP/service foundation makes Orca usable without Studio.,Default checks must remain resource efficient and never launch long autonomous loops.
ELK-ORCA-PROD-030,Orca,Session Model,Proposed,P0,3 - Sessions Runs Agents,Week 3-4,Orca Agent,Customers can rely on session model as part of a governed Orca execution runtime.,Define the production contract for Session Model; implement or verify the runtime path; add synthetic fixtures and negative tests; document operator behavior; update this CSV row with evidence after verification.,Session schema,orca.sessions,orca.sessions.usage,orca.session_created,orca.session,"Session Model is implemented, documented, tested, emits the expected events/artifacts, and cannot bypass approval, sandbox, audit, or standalone boundary rules.",Session tests pass.,Pending implementation.,"Codex, Copilot, and Devin-style agents depend on durable background sessions and reviewable plans.","Orca can use multi-agent execution only where state, budget, and evidence are measurable.",No production run state should live only in memory or bypass checkpoints.
ELK-ORCA-PROD-031,Orca,Run State Machine,Proposed,P0,3 - Sessions Runs Agents,Week 3-4,Orca Agent,Customers can rely on run state machine as part of a governed Orca execution runtime.,Define the production contract for Run State Machine; implement or verify the runtime path; add synthetic fixtures and negative tests; document operator behavior; update this CSV row with evidence after verification.,Run schema,orca.runs,orca.runs.usage,orca.run_state_changed,orca.run,"Run State Machine is implemented, documented, tested, emits the expected events/artifacts, and cannot bypass approval, sandbox, audit, or standalone boundary rules.",Run state tests pass.,Pending implementation.,"Codex, Copilot, and Devin-style agents depend on durable background sessions and reviewable plans.","Orca can use multi-agent execution only where state, budget, and evidence are measurable.",No production run state should live only in memory or bypass checkpoints.
ELK-ORCA-PROD-032,Orca,Plan Generation,Proposed,P0,3 - Sessions Runs Agents,Week 3-4,Orca Agent,Customers can rely on plan generation as part of a governed Orca execution runtime.,Define the production contract for Plan Generation; implement or verify the runtime path; add synthetic fixtures and negative tests; document operator behavior; update this CSV row with evidence after verification.,Run state machine; model adapter,orca.planning,orca.planning.usage,orca.plan_created,orca.plan,"Plan Generation is implemented, documented, tested, emits the expected events/artifacts, and cannot bypass approval, sandbox, audit, or standalone boundary rules.",Plan tests with fake model pass.,Pending implementation.,"Codex, Copilot, and Devin-style agents depend on durable background sessions and reviewable plans.","Orca can use multi-agent execution only where state, budget, and evidence are measurable.",No production run state should live only in memory or bypass checkpoints.
ELK-ORCA-PROD-033,Orca,Task Decomposition,Proposed,P1,3 - Sessions Runs Agents,Week 3-4,Orca Agent,Customers can rely on task decomposition as part of a governed Orca execution runtime.,Define the production contract for Task Decomposition; implement or verify the runtime path; add synthetic fixtures and negative tests; document operator behavior; update this CSV row with evidence after verification.,Plan generation,orca.decomposition,orca.decomposition.usage,orca.task_decomposed,task.plan,"Task Decomposition is implemented, documented, tested, emits the expected events/artifacts, and cannot bypass approval, sandbox, audit, or standalone boundary rules.",Decomposition tests pass.,Pending implementation.,"Codex, Copilot, and Devin-style agents depend on durable background sessions and reviewable plans.","Orca can use multi-agent execution only where state, budget, and evidence are measurable.",No production run state should live only in memory or bypass checkpoints.
ELK-ORCA-PROD-034,Orca,Checkpoints,Proposed,P0,3 - Sessions Runs Agents,Week 3-4,Orca Agent,Customers can rely on checkpoints as part of a governed Orca execution runtime.,Define the production contract for Checkpoints; implement or verify the runtime path; add synthetic fixtures and negative tests; document operator behavior; update this CSV row with evidence after verification.,Run state machine; approvals,orca.checkpoints,orca.checkpoints.usage,orca.checkpoint_created,checkpoint.record,"Checkpoints is implemented, documented, tested, emits the expected events/artifacts, and cannot bypass approval, sandbox, audit, or standalone boundary rules.",Checkpoint tests pass.,Pending implementation.,"Codex, Copilot, and Devin-style agents depend on durable background sessions and reviewable plans.","Orca can use multi-agent execution only where state, budget, and evidence are measurable.",No production run state should live only in memory or bypass checkpoints.
ELK-ORCA-PROD-035,Orca,Agent Registry Runtime,Proposed,P0,3 - Sessions Runs Agents,Week 3-4,Orca Agent,Customers can rely on agent registry runtime as part of a governed Orca execution runtime.,Define the production contract for Agent Registry Runtime; implement or verify the runtime path; add synthetic fixtures and negative tests; document operator behavior; update this CSV row with evidence after verification.,Agent schema,orca.agents,orca.agents.usage,orca.agent_registry_loaded,agent.registry,"Agent Registry Runtime is implemented, documented, tested, emits the expected events/artifacts, and cannot bypass approval, sandbox, audit, or standalone boundary rules.",Agent registry tests pass.,Pending implementation.,"Codex, Copilot, and Devin-style agents depend on durable background sessions and reviewable plans.","Orca can use multi-agent execution only where state, budget, and evidence are measurable.",No production run state should live only in memory or bypass checkpoints.
ELK-ORCA-PROD-036,Orca,Model Routing Policy,Proposed,P0,3 - Sessions Runs Agents,Week 3-4,Orca Agent,Customers can rely on model routing policy as part of a governed Orca execution runtime.,Define the production contract for Model Routing Policy; implement or verify the runtime path; add synthetic fixtures and negative tests; document operator behavior; update this CSV row with evidence after verification.,Provider config; usage meters,orca.models,orca.models.usage,orca.model_routed,model.route,"Model Routing Policy is implemented, documented, tested, emits the expected events/artifacts, and cannot bypass approval, sandbox, audit, or standalone boundary rules.",Model routing tests pass.,Pending implementation.,"Codex, Copilot, and Devin-style agents depend on durable background sessions and reviewable plans.","Orca can use multi-agent execution only where state, budget, and evidence are measurable.",No production run state should live only in memory or bypass checkpoints.
ELK-ORCA-PROD-037,Orca,Fallback And Circuit Breakers,Proposed,P0,3 - Sessions Runs Agents,Week 3-4,Orca Agent,Customers can rely on fallback and circuit breakers as part of a governed Orca execution runtime.,Define the production contract for Fallback And Circuit Breakers; implement or verify the runtime path; add synthetic fixtures and negative tests; document operator behavior; update this CSV row with evidence after verification.,Existing circuit breaker utils,orca.resilience,orca.resilience.usage,orca.circuit_opened; orca.retry_scheduled,resilience.report,"Fallback And Circuit Breakers is implemented, documented, tested, emits the expected events/artifacts, and cannot bypass approval, sandbox, audit, or standalone boundary rules.",Resilience tests pass.,Pending implementation.,"Codex, Copilot, and Devin-style agents depend on durable background sessions and reviewable plans.","Orca can use multi-agent execution only where state, budget, and evidence are measurable.",No production run state should live only in memory or bypass checkpoints.
ELK-ORCA-PROD-038,Orca,Team Orchestration,Proposed,P1,3 - Sessions Runs Agents,Week 3-4,Orca Agent,Customers can rely on team orchestration as part of a governed Orca execution runtime.,Define the production contract for Team Orchestration; implement or verify the runtime path; add synthetic fixtures and negative tests; document operator behavior; update this CSV row with evidence after verification.,Agent registry,orca.teams,orca.teams.usage,orca.team_assigned,team.plan,"Team Orchestration is implemented, documented, tested, emits the expected events/artifacts, and cannot bypass approval, sandbox, audit, or standalone boundary rules.",Team orchestration tests pass.,Pending implementation.,"Codex, Copilot, and Devin-style agents depend on durable background sessions and reviewable plans.","Orca can use multi-agent execution only where state, budget, and evidence are measurable.",No production run state should live only in memory or bypass checkpoints.
ELK-ORCA-PROD-039,Orca,Conflict Resolution,Proposed,P1,3 - Sessions Runs Agents,Week 3-4,Orca Agent,Customers can rely on conflict resolution as part of a governed Orca execution runtime.,Define the production contract for Conflict Resolution; implement or verify the runtime path; add synthetic fixtures and negative tests; document operator behavior; update this CSV row with evidence after verification.,Swarm strategies,orca.conflicts,orca.conflicts.usage,orca.conflict_resolved,conflict.report,"Conflict Resolution is implemented, documented, tested, emits the expected events/artifacts, and cannot bypass approval, sandbox, audit, or standalone boundary rules.",Conflict tests pass.,Pending implementation.,"Codex, Copilot, and Devin-style agents depend on durable background sessions and reviewable plans.","Orca can use multi-agent execution only where state, budget, and evidence are measurable.",No production run state should live only in memory or bypass checkpoints.
ELK-ORCA-PROD-040,Orca,Cost Budgets,Proposed,P0,3 - Sessions Runs Agents,Week 3-4,Orca Agent,Customers can rely on cost budgets as part of a governed Orca execution runtime.,Define the production contract for Cost Budgets; implement or verify the runtime path; add synthetic fixtures and negative tests; document operator behavior; update this CSV row with evidence after verification.,Usage meters; model policy,orca.budgets,orca.budgets.usage,orca.budget_exceeded,budget.record,"Cost Budgets is implemented, documented, tested, emits the expected events/artifacts, and cannot bypass approval, sandbox, audit, or standalone boundary rules.",Budget tests pass.,Pending implementation.,"Codex, Copilot, and Devin-style agents depend on durable background sessions and reviewable plans.","Orca can use multi-agent execution only where state, budget, and evidence are measurable.",No production run state should live only in memory or bypass checkpoints.
ELK-ORCA-PROD-041,Orca,Cancel Resume Retry,Proposed,P0,3 - Sessions Runs Agents,Week 3-4,Orca Agent,Customers can rely on cancel resume retry as part of a governed Orca execution runtime.,Define the production contract for Cancel Resume Retry; implement or verify the runtime path; add synthetic fixtures and negative tests; document operator behavior; update this CSV row with evidence after verification.,Run state machine,orca.runs,orca.runs.usage,orca.run_canceled; orca.run_resumed; orca.run_retried,run.control,"Cancel Resume Retry is implemented, documented, tested, emits the expected events/artifacts, and cannot bypass approval, sandbox, audit, or standalone boundary rules.",Control tests pass.,Pending implementation.,"Codex, Copilot, and Devin-style agents depend on durable background sessions and reviewable plans.","Orca can use multi-agent execution only where state, budget, and evidence are measurable.",No production run state should live only in memory or bypass checkpoints.
ELK-ORCA-PROD-042,Orca,Run History Search,Proposed,P1,3 - Sessions Runs Agents,Week 3-4,Orca Agent,Customers can rely on run history search as part of a governed Orca execution runtime.,Define the production contract for Run History Search; implement or verify the runtime path; add synthetic fixtures and negative tests; document operator behavior; update this CSV row with evidence after verification.,Session/run model,orca.search,orca.search.usage,orca.run_search_performed,search.result,"Run History Search is implemented, documented, tested, emits the expected events/artifacts, and cannot bypass approval, sandbox, audit, or standalone boundary rules.",Search tests pass.,Pending implementation.,"Codex, Copilot, and Devin-style agents depend on durable background sessions and reviewable plans.","Orca can use multi-agent execution only where state, budget, and evidence are measurable.",No production run state should live only in memory or bypass checkpoints.
ELK-ORCA-PROD-043,Orca,Action Taxonomy,Proposed,P0,4 - Action Approvals And Sandboxing,Week 5-6,Security Agent,Customers can rely on action taxonomy as part of a governed Orca execution runtime.,Define the production contract for Action Taxonomy; implement or verify the runtime path; add synthetic fixtures and negative tests; document operator behavior; update this CSV row with evidence after verification.,Action approval contract,orca.actions,orca.actions.usage,orca.action_taxonomy_updated,action.taxonomy,"Action Taxonomy is implemented, documented, tested, emits the expected events/artifacts, and cannot bypass approval, sandbox, audit, or standalone boundary rules.",Taxonomy tests pass.,Pending implementation.,Claude Code permissions/sandboxing and MCP security guidance show autonomy must be permissioned.,Governed action execution is Orca’s primary trust differentiator.,"Approval, sandbox, secret, and policy test failures block release."
ELK-ORCA-PROD-044,Orca,Approval Queue,Proposed,P0,4 - Action Approvals And Sandboxing,Week 5-6,Orca Agent,Customers can rely on approval queue as part of a governed Orca execution runtime.,Define the production contract for Approval Queue; implement or verify the runtime path; add synthetic fixtures and negative tests; document operator behavior; update this CSV row with evidence after verification.,Action contract,orca.approvals,orca.approvals.usage,orca.action_requested; orca.action_approved; orca.action_rejected,approval.record,"Approval Queue is implemented, documented, tested, emits the expected events/artifacts, and cannot bypass approval, sandbox, audit, or standalone boundary rules.",Action contract tests pass.,Pending implementation.,Claude Code permissions/sandboxing and MCP security guidance show autonomy must be permissioned.,Governed action execution is Orca’s primary trust differentiator.,"Approval, sandbox, secret, and policy test failures block release."
ELK-ORCA-PROD-045,Orca,High Risk Approval Rules,Proposed,P0,4 - Action Approvals And Sandboxing,Week 5-6,Security Agent,Customers can rely on high risk approval rules as part of a governed Orca execution runtime.,Define the production contract for High Risk Approval Rules; implement or verify the runtime path; add synthetic fixtures and negative tests; document operator behavior; update this CSV row with evidence after verification.,Approval Queue; Action Taxonomy,orca.approvals; orca.policy,orca.approvals.usage; orca.policy.usage,orca.high_risk_action_blocked,high_risk.policy,"High Risk Approval Rules is implemented, documented, tested, emits the expected events/artifacts, and cannot bypass approval, sandbox, audit, or standalone boundary rules.",High-risk tests pass.,Pending implementation.,Claude Code permissions/sandboxing and MCP security guidance show autonomy must be permissioned.,Governed action execution is Orca’s primary trust differentiator.,"Approval, sandbox, secret, and policy test failures block release."
ELK-ORCA-PROD-046,Orca,Deny Ask Allow Policy,Proposed,P0,4 - Action Approvals And Sandboxing,Week 5-6,Security Agent,Customers can rely on deny ask allow policy as part of a governed Orca execution runtime.,Define the production contract for Deny Ask Allow Policy; implement or verify the runtime path; add synthetic fixtures and negative tests; document operator behavior; update this CSV row with evidence after verification.,Action taxonomy,orca.permissions,orca.permissions.usage,orca.permission_decision,permission.policy,"Deny Ask Allow Policy is implemented, documented, tested, emits the expected events/artifacts, and cannot bypass approval, sandbox, audit, or standalone boundary rules.",Permission tests pass.,Pending implementation.,Claude Code permissions/sandboxing and MCP security guidance show autonomy must be permissioned.,Governed action execution is Orca’s primary trust differentiator.,"Approval, sandbox, secret, and policy test failures block release."
ELK-ORCA-PROD-047,Orca,Sandbox Profiles Runtime,Proposed,P0,4 - Action Approvals And Sandboxing,Week 5-6,Security Agent,Customers can rely on sandbox profiles runtime as part of a governed Orca execution runtime.,Define the production contract for Sandbox Profiles Runtime; implement or verify the runtime path; add synthetic fixtures and negative tests; document operator behavior; update this CSV row with evidence after verification.,Sandbox profile schema,orca.sandbox,orca.sandbox.usage,orca.sandbox_started; orca.sandbox_blocked,sandbox.session,"Sandbox Profiles Runtime is implemented, documented, tested, emits the expected events/artifacts, and cannot bypass approval, sandbox, audit, or standalone boundary rules.",Sandbox runtime tests pass.,Pending implementation.,Claude Code permissions/sandboxing and MCP security guidance show autonomy must be permissioned.,Governed action execution is Orca’s primary trust differentiator.,"Approval, sandbox, secret, and policy test failures block release."
ELK-ORCA-PROD-048,Orca,Read Only Sandbox,Proposed,P0,4 - Action Approvals And Sandboxing,Week 5-6,Security Agent,Customers can rely on read only sandbox as part of a governed Orca execution runtime.,Define the production contract for Read Only Sandbox; implement or verify the runtime path; add synthetic fixtures and negative tests; document operator behavior; update this CSV row with evidence after verification.,Sandbox profiles,orca.sandbox.read_only,orca.sandbox.read_only.usage,orca.sandbox_read_only_started,sandbox.profile,"Read Only Sandbox is implemented, documented, tested, emits the expected events/artifacts, and cannot bypass approval, sandbox, audit, or standalone boundary rules.",Read-only tests pass.,Pending implementation.,Claude Code permissions/sandboxing and MCP security guidance show autonomy must be permissioned.,Governed action execution is Orca’s primary trust differentiator.,"Approval, sandbox, secret, and policy test failures block release."
ELK-ORCA-PROD-049,Orca,Patch Only Sandbox,Proposed,P0,4 - Action Approvals And Sandboxing,Week 5-6,Security Agent,Customers can rely on patch only sandbox as part of a governed Orca execution runtime.,Define the production contract for Patch Only Sandbox; implement or verify the runtime path; add synthetic fixtures and negative tests; document operator behavior; update this CSV row with evidence after verification.,Sandbox profiles; patch artifacts,orca.sandbox.patch,orca.sandbox.patch.usage,orca.patch_created,orca.patch,"Patch Only Sandbox is implemented, documented, tested, emits the expected events/artifacts, and cannot bypass approval, sandbox, audit, or standalone boundary rules.",Patch sandbox tests pass.,Pending implementation.,Claude Code permissions/sandboxing and MCP security guidance show autonomy must be permissioned.,Governed action execution is Orca’s primary trust differentiator.,"Approval, sandbox, secret, and policy test failures block release."
ELK-ORCA-PROD-050,Orca,Shell Command Policy,Proposed,P0,4 - Action Approvals And Sandboxing,Week 5-6,Security Agent,Customers can rely on shell command policy as part of a governed Orca execution runtime.,Define the production contract for Shell Command Policy; implement or verify the runtime path; add synthetic fixtures and negative tests; document operator behavior; update this CSV row with evidence after verification.,Action taxonomy; sandbox,orca.shell,orca.shell.usage,orca.shell_command_requested; orca.shell_command_completed,shell.record,"Shell Command Policy is implemented, documented, tested, emits the expected events/artifacts, and cannot bypass approval, sandbox, audit, or standalone boundary rules.",Shell policy tests pass.,Pending implementation.,Claude Code permissions/sandboxing and MCP security guidance show autonomy must be permissioned.,Governed action execution is Orca’s primary trust differentiator.,"Approval, sandbox, secret, and policy test failures block release."
ELK-ORCA-PROD-051,Orca,File Write Delete Policy,Proposed,P0,4 - Action Approvals And Sandboxing,Week 5-6,Security Agent,Customers can rely on file write delete policy as part of a governed Orca execution runtime.,Define the production contract for File Write Delete Policy; implement or verify the runtime path; add synthetic fixtures and negative tests; document operator behavior; update this CSV row with evidence after verification.,Patch sandbox,orca.files,orca.files.usage,orca.file_write_requested; orca.file_delete_blocked,file.action_record,"File Write Delete Policy is implemented, documented, tested, emits the expected events/artifacts, and cannot bypass approval, sandbox, audit, or standalone boundary rules.",File policy tests pass.,Pending implementation.,Claude Code permissions/sandboxing and MCP security guidance show autonomy must be permissioned.,Governed action execution is Orca’s primary trust differentiator.,"Approval, sandbox, secret, and policy test failures block release."
ELK-ORCA-PROD-052,Orca,Browser Desktop Policy,Proposed,P0,4 - Action Approvals And Sandboxing,Week 5-6,Security Agent,Customers can rely on browser desktop policy as part of a governed Orca execution runtime.,Define the production contract for Browser Desktop Policy; implement or verify the runtime path; add synthetic fixtures and negative tests; document operator behavior; update this CSV row with evidence after verification.,Action taxonomy,orca.browser; orca.desktop,orca.browser.usage; orca.desktop.usage,orca.browser_action_requested; orca.desktop_action_blocked,browser.action_record,"Browser Desktop Policy is implemented, documented, tested, emits the expected events/artifacts, and cannot bypass approval, sandbox, audit, or standalone boundary rules.",Browser/desktop policy tests pass.,Pending implementation.,Claude Code permissions/sandboxing and MCP security guidance show autonomy must be permissioned.,Governed action execution is Orca’s primary trust differentiator.,"Approval, sandbox, secret, and policy test failures block release."
ELK-ORCA-PROD-053,Orca,Network Policy,Proposed,P0,4 - Action Approvals And Sandboxing,Week 5-6,Security Agent,Customers can rely on network policy as part of a governed Orca execution runtime.,Define the production contract for Network Policy; implement or verify the runtime path; add synthetic fixtures and negative tests; document operator behavior; update this CSV row with evidence after verification.,Sandbox runtime,orca.network,orca.network.usage,orca.network_request_blocked,network.policy,"Network Policy is implemented, documented, tested, emits the expected events/artifacts, and cannot bypass approval, sandbox, audit, or standalone boundary rules.",Network policy tests pass.,Pending implementation.,Claude Code permissions/sandboxing and MCP security guidance show autonomy must be permissioned.,Governed action execution is Orca’s primary trust differentiator.,"Approval, sandbox, secret, and policy test failures block release."
ELK-ORCA-PROD-054,Orca,Secrets Redaction Guard,Proposed,P0,4 - Action Approvals And Sandboxing,Week 5-6,Security Agent,Customers can rely on secrets redaction guard as part of a governed Orca execution runtime.,Define the production contract for Secrets Redaction Guard; implement or verify the runtime path; add synthetic fixtures and negative tests; document operator behavior; update this CSV row with evidence after verification.,Logging; provider policy,orca.secrets,orca.secrets.usage,orca.secret_detected,secret.scan_report,"Secrets Redaction Guard is implemented, documented, tested, emits the expected events/artifacts, and cannot bypass approval, sandbox, audit, or standalone boundary rules.",Secret guard tests pass.,Pending implementation.,Claude Code permissions/sandboxing and MCP security guidance show autonomy must be permissioned.,Governed action execution is Orca’s primary trust differentiator.,"Approval, sandbox, secret, and policy test failures block release."
ELK-ORCA-PROD-055,Orca,Idempotency Keys,Proposed,P0,4 - Action Approvals And Sandboxing,Week 5-6,Orca Agent,Customers can rely on idempotency keys as part of a governed Orca execution runtime.,Define the production contract for Idempotency Keys; implement or verify the runtime path; add synthetic fixtures and negative tests; document operator behavior; update this CSV row with evidence after verification.,Run controls; integrations,orca.idempotency,orca.idempotency.usage,orca.idempotency_reused,idempotency.record,"Idempotency Keys is implemented, documented, tested, emits the expected events/artifacts, and cannot bypass approval, sandbox, audit, or standalone boundary rules.",Idempotency tests pass.,Pending implementation.,Claude Code permissions/sandboxing and MCP security guidance show autonomy must be permissioned.,Governed action execution is Orca’s primary trust differentiator.,"Approval, sandbox, secret, and policy test failures block release."
ELK-ORCA-PROD-056,Orca,Rollback Evidence,Proposed,P0,4 - Action Approvals And Sandboxing,Week 5-6,Orca Agent,Customers can rely on rollback evidence as part of a governed Orca execution runtime.,Define the production contract for Rollback Evidence; implement or verify the runtime path; add synthetic fixtures and negative tests; document operator behavior; update this CSV row with evidence after verification.,Patch artifacts; file policy,orca.rollback,orca.rollback.usage,orca.rollback_plan_created,rollback.plan,"Rollback Evidence is implemented, documented, tested, emits the expected events/artifacts, and cannot bypass approval, sandbox, audit, or standalone boundary rules.",Rollback tests pass.,Pending implementation.,Claude Code permissions/sandboxing and MCP security guidance show autonomy must be permissioned.,Governed action execution is Orca’s primary trust differentiator.,"Approval, sandbox, secret, and policy test failures block release."
ELK-ORCA-PROD-057,Orca,Policy Test Suite,Proposed,P0,4 - Action Approvals And Sandboxing,Week 5-6,QA Agent,Customers can rely on policy test suite as part of a governed Orca execution runtime.,Define the production contract for Policy Test Suite; implement or verify the runtime path; add synthetic fixtures and negative tests; document operator behavior; update this CSV row with evidence after verification.,All action policies,orca.policy_tests,orca.policy_tests.usage,orca.policy_tests_completed,policy.test_report,"Policy Test Suite is implemented, documented, tested, emits the expected events/artifacts, and cannot bypass approval, sandbox, audit, or standalone boundary rules.",Policy suite passes.,Pending implementation.,Claude Code permissions/sandboxing and MCP security guidance show autonomy must be permissioned.,Governed action execution is Orca’s primary trust differentiator.,"Approval, sandbox, secret, and policy test failures block release."
ELK-ORCA-PROD-058,Orca,MCP Server Hardening,Proposed,P0,5 - MCP Tools Integrations,Week 7-8,Orca Agent,Customers can rely on mcp server hardening as part of a governed Orca execution runtime.,Define the production contract for MCP Server Hardening; implement or verify the runtime path; add synthetic fixtures and negative tests; document operator behavior; update this CSV row with evidence after verification.,MCP schema contract,orca.mcp,orca.mcp.usage,orca.mcp_server_hardened,mcp.server_report,"MCP Server Hardening is implemented, documented, tested, emits the expected events/artifacts, and cannot bypass approval, sandbox, audit, or standalone boundary rules.",node --check src/mcp-server.js and MCP tests pass.,Pending implementation.,"Gemini CLI, MCP, and enterprise coding agents are expanding through tool ecosystems.",Orca can be a safe CLI/MCP runtime for approved tools and integrations.,Fake adapters are required; no real credentials in default tests.
ELK-ORCA-PROD-059,Orca,MCP Authorization,Proposed,P0,5 - MCP Tools Integrations,Week 7-8,Security Agent,Customers can rely on mcp authorization as part of a governed Orca execution runtime.,Define the production contract for MCP Authorization; implement or verify the runtime path; add synthetic fixtures and negative tests; document operator behavior; update this CSV row with evidence after verification.,MCP authorization spec,orca.mcp_auth,orca.mcp_auth.usage,orca.mcp_auth_updated,mcp.auth_policy,"MCP Authorization is implemented, documented, tested, emits the expected events/artifacts, and cannot bypass approval, sandbox, audit, or standalone boundary rules.",MCP auth tests pass or documented local-only limitation exists.,Pending implementation.,"Gemini CLI, MCP, and enterprise coding agents are expanding through tool ecosystems.",Orca can be a safe CLI/MCP runtime for approved tools and integrations.,Fake adapters are required; no real credentials in default tests.
ELK-ORCA-PROD-060,Orca,Tool Registry,Proposed,P0,5 - MCP Tools Integrations,Week 7-8,Orca Agent,Customers can rely on tool registry as part of a governed Orca execution runtime.,Define the production contract for Tool Registry; implement or verify the runtime path; add synthetic fixtures and negative tests; document operator behavior; update this CSV row with evidence after verification.,Tool policy schema,orca.tools,orca.tools.usage,orca.tool_registered,tool.registry,"Tool Registry is implemented, documented, tested, emits the expected events/artifacts, and cannot bypass approval, sandbox, audit, or standalone boundary rules.",Tool registry tests pass.,Pending implementation.,"Gemini CLI, MCP, and enterprise coding agents are expanding through tool ecosystems.",Orca can be a safe CLI/MCP runtime for approved tools and integrations.,Fake adapters are required; no real credentials in default tests.
ELK-ORCA-PROD-061,Orca,Tool Allowlist,Proposed,P0,5 - MCP Tools Integrations,Week 7-8,Security Agent,Customers can rely on tool allowlist as part of a governed Orca execution runtime.,Define the production contract for Tool Allowlist; implement or verify the runtime path; add synthetic fixtures and negative tests; document operator behavior; update this CSV row with evidence after verification.,Tool Registry,orca.tools; orca.policy,orca.tools.usage; orca.policy.usage,orca.tool_blocked; orca.tool_allowed,tool.policy_decision,"Tool Allowlist is implemented, documented, tested, emits the expected events/artifacts, and cannot bypass approval, sandbox, audit, or standalone boundary rules.",Allowlist tests pass.,Pending implementation.,"Gemini CLI, MCP, and enterprise coding agents are expanding through tool ecosystems.",Orca can be a safe CLI/MCP runtime for approved tools and integrations.,Fake adapters are required; no real credentials in default tests.
ELK-ORCA-PROD-062,Orca,MCP Client Connectors,Proposed,P1,5 - MCP Tools Integrations,Week 7-8,Orca Agent,Customers can rely on mcp client connectors as part of a governed Orca execution runtime.,Define the production contract for MCP Client Connectors; implement or verify the runtime path; add synthetic fixtures and negative tests; document operator behavior; update this CSV row with evidence after verification.,MCP auth; tool registry,orca.mcp_client,orca.mcp_client.usage,orca.mcp_client_connected,mcp.server_ref,"MCP Client Connectors is implemented, documented, tested, emits the expected events/artifacts, and cannot bypass approval, sandbox, audit, or standalone boundary rules.",MCP client tests pass with fake server.,Pending implementation.,"Gemini CLI, MCP, and enterprise coding agents are expanding through tool ecosystems.",Orca can be a safe CLI/MCP runtime for approved tools and integrations.,Fake adapters are required; no real credentials in default tests.
ELK-ORCA-PROD-063,Orca,GitHub Integration,Proposed,P0,5 - MCP Tools Integrations,Week 7-8,Orca Agent,Customers can rely on github integration as part of a governed Orca execution runtime.,Define the production contract for GitHub Integration; implement or verify the runtime path; add synthetic fixtures and negative tests; document operator behavior; update this CSV row with evidence after verification.,Integrations base; action policy,orca.integrations.github,orca.integrations.github.usage,orca.github_action_requested; orca.github_result_received,github.ref,"GitHub Integration is implemented, documented, tested, emits the expected events/artifacts, and cannot bypass approval, sandbox, audit, or standalone boundary rules.",GitHub integration tests pass with fake adapter.,Pending implementation.,"Gemini CLI, MCP, and enterprise coding agents are expanding through tool ecosystems.",Orca can be a safe CLI/MCP runtime for approved tools and integrations.,Fake adapters are required; no real credentials in default tests.
ELK-ORCA-PROD-064,Orca,Jira Notion Slack Integrations,Proposed,P1,5 - MCP Tools Integrations,Week 7-8,Orca Agent,Customers can rely on jira notion slack integrations as part of a governed Orca execution runtime.,Define the production contract for Jira Notion Slack Integrations; implement or verify the runtime path; add synthetic fixtures and negative tests; document operator behavior; update this CSV row with evidence after verification.,Existing integrations,orca.integrations,orca.integrations.usage,orca.integration_action_requested,integration.ref,"Jira Notion Slack Integrations is implemented, documented, tested, emits the expected events/artifacts, and cannot bypass approval, sandbox, audit, or standalone boundary rules.",Fake integration tests pass.,Pending implementation.,"Gemini CLI, MCP, and enterprise coding agents are expanding through tool ecosystems.",Orca can be a safe CLI/MCP runtime for approved tools and integrations.,Fake adapters are required; no real credentials in default tests.
ELK-ORCA-PROD-065,Orca,Webhook Delivery,Proposed,P1,5 - MCP Tools Integrations,Week 7-8,Orca Agent,Customers can rely on webhook delivery as part of a governed Orca execution runtime.,Define the production contract for Webhook Delivery; implement or verify the runtime path; add synthetic fixtures and negative tests; document operator behavior; update this CSV row with evidence after verification.,Webhook modules,orca.webhooks,orca.webhooks.usage,orca.webhook_delivered; orca.webhook_failed,webhook.delivery,"Webhook Delivery is implemented, documented, tested, emits the expected events/artifacts, and cannot bypass approval, sandbox, audit, or standalone boundary rules.",Webhook tests pass.,Pending implementation.,"Gemini CLI, MCP, and enterprise coding agents are expanding through tool ecosystems.",Orca can be a safe CLI/MCP runtime for approved tools and integrations.,Fake adapters are required; no real credentials in default tests.
ELK-ORCA-PROD-066,Orca,SDK Contracts,Proposed,P1,5 - MCP Tools Integrations,Week 7-8,Orca Agent,Customers can rely on sdk contracts as part of a governed Orca execution runtime.,Define the production contract for SDK Contracts; implement or verify the runtime path; add synthetic fixtures and negative tests; document operator behavior; update this CSV row with evidence after verification.,packages/sdk-js; packages/sdk-py,orca.sdk,orca.sdk.usage,orca.sdk_updated,sdk.contract,"SDK Contracts is implemented, documented, tested, emits the expected events/artifacts, and cannot bypass approval, sandbox, audit, or standalone boundary rules.",SDK tests pass.,Pending implementation.,"Gemini CLI, MCP, and enterprise coding agents are expanding through tool ecosystems.",Orca can be a safe CLI/MCP runtime for approved tools and integrations.,Fake adapters are required; no real credentials in default tests.
ELK-ORCA-PROD-067,Orca,Plugin Marketplace Policy,Proposed,P1,5 - MCP Tools Integrations,Week 7-8,Security Agent,Customers can rely on plugin marketplace policy as part of a governed Orca execution runtime.,Define the production contract for Plugin Marketplace Policy; implement or verify the runtime path; add synthetic fixtures and negative tests; document operator behavior; update this CSV row with evidence after verification.,Plugin modules,orca.plugins,orca.plugins.usage,orca.plugin_validated; orca.plugin_rejected,plugin.validation_report,"Plugin Marketplace Policy is implemented, documented, tested, emits the expected events/artifacts, and cannot bypass approval, sandbox, audit, or standalone boundary rules.",Plugin policy tests pass.,Pending implementation.,"Gemini CLI, MCP, and enterprise coding agents are expanding through tool ecosystems.",Orca can be a safe CLI/MCP runtime for approved tools and integrations.,Fake adapters are required; no real credentials in default tests.
ELK-ORCA-PROD-068,Orca,Connector Test Harness,Proposed,P0,5 - MCP Tools Integrations,Week 7-8,QA Agent,Customers can rely on connector test harness as part of a governed Orca execution runtime.,Define the production contract for Connector Test Harness; implement or verify the runtime path; add synthetic fixtures and negative tests; document operator behavior; update this CSV row with evidence after verification.,Integrations; MCP client,orca.integration_tests,orca.integration_tests.usage,orca.integration_tests_completed,integration.test_report,"Connector Test Harness is implemented, documented, tested, emits the expected events/artifacts, and cannot bypass approval, sandbox, audit, or standalone boundary rules.",Integration test suite passes.,Pending implementation.,"Gemini CLI, MCP, and enterprise coding agents are expanding through tool ecosystems.",Orca can be a safe CLI/MCP runtime for approved tools and integrations.,Fake adapters are required; no real credentials in default tests.
ELK-ORCA-PROD-069,Orca,Repository Intake,Proposed,P0,6 - Coding Product Workflows,Week 9-10,Orca Agent,Customers can rely on repository intake as part of a governed Orca execution runtime.,Define the production contract for Repository Intake; implement or verify the runtime path; add synthetic fixtures and negative tests; document operator behavior; update this CSV row with evidence after verification.,Sandbox; session model,orca.repo,orca.repo.usage,orca.repo_intake_completed,repo.intake_report,"Repository Intake is implemented, documented, tested, emits the expected events/artifacts, and cannot bypass approval, sandbox, audit, or standalone boundary rules.",Repo intake tests pass.,Pending implementation.,"Codex, Copilot, Devin, Cursor, and Sourcegraph converge around repo context, patches, tests, and PR-ready reports.",Orca delivers code/product work with evidence and approvals.,Patch/test/report workflows must respect sandbox and handoff boundaries.
ELK-ORCA-PROD-070,Orca,Context Index,Proposed,P0,6 - Coding Product Workflows,Week 9-10,Orca Agent,Customers can rely on context index as part of a governed Orca execution runtime.,Define the production contract for Context Index; implement or verify the runtime path; add synthetic fixtures and negative tests; document operator behavior; update this CSV row with evidence after verification.,Repo intake; secrets guard,orca.context,orca.context.usage,orca.context_indexed,context.index,"Context Index is implemented, documented, tested, emits the expected events/artifacts, and cannot bypass approval, sandbox, audit, or standalone boundary rules.",Context tests pass.,Pending implementation.,"Codex, Copilot, Devin, Cursor, and Sourcegraph converge around repo context, patches, tests, and PR-ready reports.",Orca delivers code/product work with evidence and approvals.,Patch/test/report workflows must respect sandbox and handoff boundaries.
ELK-ORCA-PROD-071,Orca,Plan Patch Test Report Workflow,Proposed,P0,6 - Coding Product Workflows,Week 9-10,Orca Agent,Customers can rely on plan patch test report workflow as part of a governed Orca execution runtime.,Define the production contract for Plan Patch Test Report Workflow; implement or verify the runtime path; add synthetic fixtures and negative tests; document operator behavior; update this CSV row with evidence after verification.,"Plan, sandbox, approvals",orca.workflow.coding,orca.workflow.coding.usage,orca.run_completed,orca.report; orca.patch,"Plan Patch Test Report Workflow is implemented, documented, tested, emits the expected events/artifacts, and cannot bypass approval, sandbox, audit, or standalone boundary rules.",Workflow tests pass.,Pending implementation.,"Codex, Copilot, Devin, Cursor, and Sourcegraph converge around repo context, patches, tests, and PR-ready reports.",Orca delivers code/product work with evidence and approvals.,Patch/test/report workflows must respect sandbox and handoff boundaries.
ELK-ORCA-PROD-072,Orca,Patch Artifact Builder,Proposed,P0,6 - Coding Product Workflows,Week 9-10,Orca Agent,Customers can rely on patch artifact builder as part of a governed Orca execution runtime.,Define the production contract for Patch Artifact Builder; implement or verify the runtime path; add synthetic fixtures and negative tests; document operator behavior; update this CSV row with evidence after verification.,Patch sandbox,orca.patch,orca.patch.usage,orca.patch_created,orca.patch,"Patch Artifact Builder is implemented, documented, tested, emits the expected events/artifacts, and cannot bypass approval, sandbox, audit, or standalone boundary rules.",Patch builder tests pass.,Pending implementation.,"Codex, Copilot, Devin, Cursor, and Sourcegraph converge around repo context, patches, tests, and PR-ready reports.",Orca delivers code/product work with evidence and approvals.,Patch/test/report workflows must respect sandbox and handoff boundaries.
ELK-ORCA-PROD-073,Orca,Test Runner,Proposed,P0,6 - Coding Product Workflows,Week 9-10,Orca Agent,Customers can rely on test runner as part of a governed Orca execution runtime.,Define the production contract for Test Runner; implement or verify the runtime path; add synthetic fixtures and negative tests; document operator behavior; update this CSV row with evidence after verification.,Shell command policy; repo intake,orca.tests,orca.tests.usage,orca.test_run_completed,orca.test_result,"Test Runner is implemented, documented, tested, emits the expected events/artifacts, and cannot bypass approval, sandbox, audit, or standalone boundary rules.",Test runner tests pass.,Pending implementation.,"Codex, Copilot, Devin, Cursor, and Sourcegraph converge around repo context, patches, tests, and PR-ready reports.",Orca delivers code/product work with evidence and approvals.,Patch/test/report workflows must respect sandbox and handoff boundaries.
ELK-ORCA-PROD-074,Orca,PR Summary Builder,Proposed,P1,6 - Coding Product Workflows,Week 9-10,Orca Agent,Customers can rely on pr summary builder as part of a governed Orca execution runtime.,Define the production contract for PR Summary Builder; implement or verify the runtime path; add synthetic fixtures and negative tests; document operator behavior; update this CSV row with evidence after verification.,Patch artifact; GitHub integration,orca.pr,orca.pr.usage,orca.pr_summary_created,pr.summary,"PR Summary Builder is implemented, documented, tested, emits the expected events/artifacts, and cannot bypass approval, sandbox, audit, or standalone boundary rules.",PR summary tests pass.,Pending implementation.,"Codex, Copilot, Devin, Cursor, and Sourcegraph converge around repo context, patches, tests, and PR-ready reports.",Orca delivers code/product work with evidence and approvals.,Patch/test/report workflows must respect sandbox and handoff boundaries.
ELK-ORCA-PROD-075,Orca,Code Review Workflow,Proposed,P0,6 - Coding Product Workflows,Week 9-10,Orca Agent,Customers can rely on code review workflow as part of a governed Orca execution runtime.,Define the production contract for Code Review Workflow; implement or verify the runtime path; add synthetic fixtures and negative tests; document operator behavior; update this CSV row with evidence after verification.,Context index; eval/report,orca.code_review,orca.code_review.usage,orca.code_review_completed,orca.review_report,"Code Review Workflow is implemented, documented, tested, emits the expected events/artifacts, and cannot bypass approval, sandbox, audit, or standalone boundary rules.",Code review tests pass.,Pending implementation.,"Codex, Copilot, Devin, Cursor, and Sourcegraph converge around repo context, patches, tests, and PR-ready reports.",Orca delivers code/product work with evidence and approvals.,Patch/test/report workflows must respect sandbox and handoff boundaries.
ELK-ORCA-PROD-076,Orca,Security Review Workflow,Proposed,P0,6 - Coding Product Workflows,Week 9-10,Security Agent,Customers can rely on security review workflow as part of a governed Orca execution runtime.,Define the production contract for Security Review Workflow; implement or verify the runtime path; add synthetic fixtures and negative tests; document operator behavior; update this CSV row with evidence after verification.,Code review; secret guard,orca.security_review,orca.security_review.usage,orca.security_review_completed,security.review_report,"Security Review Workflow is implemented, documented, tested, emits the expected events/artifacts, and cannot bypass approval, sandbox, audit, or standalone boundary rules.",Security review tests pass.,Pending implementation.,"Codex, Copilot, Devin, Cursor, and Sourcegraph converge around repo context, patches, tests, and PR-ready reports.",Orca delivers code/product work with evidence and approvals.,Patch/test/report workflows must respect sandbox and handoff boundaries.
ELK-ORCA-PROD-077,Orca,Docs Generation Workflow,Proposed,P1,6 - Coding Product Workflows,Week 9-10,Orca Agent,Customers can rely on docs generation workflow as part of a governed Orca execution runtime.,Define the production contract for Docs Generation Workflow; implement or verify the runtime path; add synthetic fixtures and negative tests; document operator behavior; update this CSV row with evidence after verification.,Patch artifact; reports,orca.docs,orca.docs.usage,orca.docs_generated,docs.report,"Docs Generation Workflow is implemented, documented, tested, emits the expected events/artifacts, and cannot bypass approval, sandbox, audit, or standalone boundary rules.",Docs workflow tests pass.,Pending implementation.,"Codex, Copilot, Devin, Cursor, and Sourcegraph converge around repo context, patches, tests, and PR-ready reports.",Orca delivers code/product work with evidence and approvals.,Patch/test/report workflows must respect sandbox and handoff boundaries.
ELK-ORCA-PROD-078,Orca,Product Builder Workflow,Proposed,P1,6 - Coding Product Workflows,Week 9-10,Product Agent,Customers can rely on product builder workflow as part of a governed Orca execution runtime.,Define the production contract for Product Builder Workflow; implement or verify the runtime path; add synthetic fixtures and negative tests; document operator behavior; update this CSV row with evidence after verification.,Coding workflow; Studio/Omni handoffs,orca.product_builder,orca.product_builder.usage,orca.product_workflow_completed,product.build_report,"Product Builder Workflow is implemented, documented, tested, emits the expected events/artifacts, and cannot bypass approval, sandbox, audit, or standalone boundary rules.",Manual product workflow smoke.,Pending implementation.,"Codex, Copilot, Devin, Cursor, and Sourcegraph converge around repo context, patches, tests, and PR-ready reports.",Orca delivers code/product work with evidence and approvals.,Patch/test/report workflows must respect sandbox and handoff boundaries.
ELK-ORCA-PROD-079,Orca,Studio Handoff,Proposed,P0,6 - Coding Product Workflows,Week 9-10,Studio Agent; Orca Agent,Customers can rely on studio handoff as part of a governed Orca execution runtime.,Define the production contract for Studio Handoff; implement or verify the runtime path; add synthetic fixtures and negative tests; document operator behavior; update this CSV row with evidence after verification.,Studio roadmap,orca.handoff.studio,orca.handoff.studio.usage,orca.studio_handoff_received; orca.result_returned,studio.handoff_ref,"Studio Handoff is implemented, documented, tested, emits the expected events/artifacts, and cannot bypass approval, sandbox, audit, or standalone boundary rules.",Synthetic handoff test passes.,Pending implementation.,"Codex, Copilot, Devin, Cursor, and Sourcegraph converge around repo context, patches, tests, and PR-ready reports.",Orca delivers code/product work with evidence and approvals.,Patch/test/report workflows must respect sandbox and handoff boundaries.
ELK-ORCA-PROD-080,Orca,Omni Handoff,Proposed,P0,6 - Coding Product Workflows,Week 9-10,Omni Agent; Orca Agent,Customers can rely on omni handoff as part of a governed Orca execution runtime.,Define the production contract for Omni Handoff; implement or verify the runtime path; add synthetic fixtures and negative tests; document operator behavior; update this CSV row with evidence after verification.,Omni roadmap,orca.handoff.omni,orca.handoff.omni.usage,orca.omni_handoff_received; orca.result_returned,omni.handoff_ref,"Omni Handoff is implemented, documented, tested, emits the expected events/artifacts, and cannot bypass approval, sandbox, audit, or standalone boundary rules.",Synthetic Omni handoff test passes.,Pending implementation.,"Codex, Copilot, Devin, Cursor, and Sourcegraph converge around repo context, patches, tests, and PR-ready reports.",Orca delivers code/product work with evidence and approvals.,Patch/test/report workflows must respect sandbox and handoff boundaries.
ELK-ORCA-PROD-081,Orca,Trace IDs,Proposed,P0,7 - Observability Eval Audit,Week 11-12,Orca Agent,Customers can rely on trace ids as part of a governed Orca execution runtime.,Define the production contract for Trace IDs; implement or verify the runtime path; add synthetic fixtures and negative tests; document operator behavior; update this CSV row with evidence after verification.,Logging; run model,orca.tracing,orca.tracing.usage,orca.trace_created,trace.record,"Trace IDs is implemented, documented, tested, emits the expected events/artifacts, and cannot bypass approval, sandbox, audit, or standalone boundary rules.",Trace tests pass.,Pending implementation.,"Enterprise coding agents need traces, metrics, reports, evals, and audit to be trusted.",Orca competes through evidence and measured execution quality.,"Raw code, secrets, and private prompts are redacted from default telemetry."
ELK-ORCA-PROD-082,Orca,Tamper Evident Audit,Proposed,P0,7 - Observability Eval Audit,Week 11-12,Security Agent,Customers can rely on tamper evident audit as part of a governed Orca execution runtime.,Define the production contract for Tamper Evident Audit; implement or verify the runtime path; add synthetic fixtures and negative tests; document operator behavior; update this CSV row with evidence after verification.,Audit modules,orca.audit,orca.audit.usage,orca.audit_recorded,audit.log,"Tamper Evident Audit is implemented, documented, tested, emits the expected events/artifacts, and cannot bypass approval, sandbox, audit, or standalone boundary rules.",Audit verify tests pass.,Pending implementation.,"Enterprise coding agents need traces, metrics, reports, evals, and audit to be trusted.",Orca competes through evidence and measured execution quality.,"Raw code, secrets, and private prompts are redacted from default telemetry."
ELK-ORCA-PROD-083,Orca,Read Only Events Feed,Proposed,P0,7 - Observability Eval Audit,Week 11-12,Orca Agent,Customers can rely on read only events feed as part of a governed Orca execution runtime.,Define the production contract for Read Only Events Feed; implement or verify the runtime path; add synthetic fixtures and negative tests; document operator behavior; update this CSV row with evidence after verification.,Event contracts,orca.events,orca.events.usage,orca.events_listed,event.page,"Read Only Events Feed is implemented, documented, tested, emits the expected events/artifacts, and cannot bypass approval, sandbox, audit, or standalone boundary rules.",Event feed tests pass.,Pending implementation.,"Enterprise coding agents need traces, metrics, reports, evals, and audit to be trusted.",Orca competes through evidence and measured execution quality.,"Raw code, secrets, and private prompts are redacted from default telemetry."
ELK-ORCA-PROD-084,Orca,Metrics Dashboard API,Proposed,P1,7 - Observability Eval Audit,Week 11-12,Orca Agent,Customers can rely on metrics dashboard api as part of a governed Orca execution runtime.,Define the production contract for Metrics Dashboard API; implement or verify the runtime path; add synthetic fixtures and negative tests; document operator behavior; update this CSV row with evidence after verification.,Usage meters; traces,orca.metrics,orca.metrics.usage,orca.metric_recorded,metric.record,"Metrics Dashboard API is implemented, documented, tested, emits the expected events/artifacts, and cannot bypass approval, sandbox, audit, or standalone boundary rules.",Metrics tests pass.,Pending implementation.,"Enterprise coding agents need traces, metrics, reports, evals, and audit to be trusted.",Orca competes through evidence and measured execution quality.,"Raw code, secrets, and private prompts are redacted from default telemetry."
ELK-ORCA-PROD-085,Orca,Evaluation Suites,Proposed,P0,7 - Observability Eval Audit,Week 11-12,QA Agent,Customers can rely on evaluation suites as part of a governed Orca execution runtime.,Define the production contract for Evaluation Suites; implement or verify the runtime path; add synthetic fixtures and negative tests; document operator behavior; update this CSV row with evidence after verification.,Coding workflows; policy tests,orca.evals,orca.evals.usage,orca.eval_completed,eval.report,"Evaluation Suites is implemented, documented, tested, emits the expected events/artifacts, and cannot bypass approval, sandbox, audit, or standalone boundary rules.",Eval suite passes in fake/local mode.,Pending implementation.,"Enterprise coding agents need traces, metrics, reports, evals, and audit to be trusted.",Orca competes through evidence and measured execution quality.,"Raw code, secrets, and private prompts are redacted from default telemetry."
ELK-ORCA-PROD-086,Orca,Agent Leaderboard,Proposed,P1,7 - Observability Eval Audit,Week 11-12,Orca Agent,Customers can rely on agent leaderboard as part of a governed Orca execution runtime.,Define the production contract for Agent Leaderboard; implement or verify the runtime path; add synthetic fixtures and negative tests; document operator behavior; update this CSV row with evidence after verification.,Metrics; agent registry,orca.agents,orca.agents.usage,orca.agent_score_updated,agent.scorecard,"Agent Leaderboard is implemented, documented, tested, emits the expected events/artifacts, and cannot bypass approval, sandbox, audit, or standalone boundary rules.",Leaderboard tests pass.,Pending implementation.,"Enterprise coding agents need traces, metrics, reports, evals, and audit to be trusted.",Orca competes through evidence and measured execution quality.,"Raw code, secrets, and private prompts are redacted from default telemetry."
ELK-ORCA-PROD-087,Orca,Report Builder,Proposed,P0,7 - Observability Eval Audit,Week 11-12,Orca Agent,Customers can rely on report builder as part of a governed Orca execution runtime.,Define the production contract for Report Builder; implement or verify the runtime path; add synthetic fixtures and negative tests; document operator behavior; update this CSV row with evidence after verification.,Artifacts; traces,orca.reports,orca.reports.usage,orca.report_created,orca.report,"Report Builder is implemented, documented, tested, emits the expected events/artifacts, and cannot bypass approval, sandbox, audit, or standalone boundary rules.",Report tests pass.,Pending implementation.,"Enterprise coding agents need traces, metrics, reports, evals, and audit to be trusted.",Orca competes through evidence and measured execution quality.,"Raw code, secrets, and private prompts are redacted from default telemetry."
ELK-ORCA-PROD-088,Orca,Log Export,Proposed,P1,7 - Observability Eval Audit,Week 11-12,Orca Agent,Customers can rely on log export as part of a governed Orca execution runtime.,Define the production contract for Log Export; implement or verify the runtime path; add synthetic fixtures and negative tests; document operator behavior; update this CSV row with evidence after verification.,Logging; audit,orca.logs,orca.logs.usage,orca.log_exported,log.export,"Log Export is implemented, documented, tested, emits the expected events/artifacts, and cannot bypass approval, sandbox, audit, or standalone boundary rules.",Log export tests pass.,Pending implementation.,"Enterprise coding agents need traces, metrics, reports, evals, and audit to be trusted.",Orca competes through evidence and measured execution quality.,"Raw code, secrets, and private prompts are redacted from default telemetry."
ELK-ORCA-PROD-089,Orca,Incident Postmortem,Proposed,P0,7 - Observability Eval Audit,Week 11-12,Security Agent,Customers can rely on incident postmortem as part of a governed Orca execution runtime.,Define the production contract for Incident Postmortem; implement or verify the runtime path; add synthetic fixtures and negative tests; document operator behavior; update this CSV row with evidence after verification.,Reports; incidents,orca.incidents,orca.incidents.usage,orca.postmortem_created,postmortem.report,"Incident Postmortem is implemented, documented, tested, emits the expected events/artifacts, and cannot bypass approval, sandbox, audit, or standalone boundary rules.",Postmortem tests pass.,Pending implementation.,"Enterprise coding agents need traces, metrics, reports, evals, and audit to be trusted.",Orca competes through evidence and measured execution quality.,"Raw code, secrets, and private prompts are redacted from default telemetry."
ELK-ORCA-PROD-090,Orca,Performance Load Tests,Proposed,P1,7 - Observability Eval Audit,Week 11-12,QA Agent,Customers can rely on performance load tests as part of a governed Orca execution runtime.,Define the production contract for Performance Load Tests; implement or verify the runtime path; add synthetic fixtures and negative tests; document operator behavior; update this CSV row with evidence after verification.,Load test scripts,orca.performance,orca.performance.usage,orca.benchmark_completed,benchmark.report,"Performance Load Tests is implemented, documented, tested, emits the expected events/artifacts, and cannot bypass approval, sandbox, audit, or standalone boundary rules.",npm run test:load smoke passes.,Pending implementation.,"Enterprise coding agents need traces, metrics, reports, evals, and audit to be trusted.",Orca competes through evidence and measured execution quality.,"Raw code, secrets, and private prompts are redacted from default telemetry."
ELK-ORCA-PROD-091,Orca,RBAC Admin Controls,Proposed,P0,8 - Enterprise Governance Release,Week 12-15,Security Agent,Customers can rely on rbac admin controls as part of a governed Orca execution runtime.,Define the production contract for RBAC Admin Controls; implement or verify the runtime path; add synthetic fixtures and negative tests; document operator behavior; update this CSV row with evidence after verification.,Auth/RBAC modules,orca.rbac,orca.rbac.usage,orca.rbac_denied; orca.rbac_allowed,rbac.policy,"RBAC Admin Controls is implemented, documented, tested, emits the expected events/artifacts, and cannot bypass approval, sandbox, audit, or standalone boundary rules.",RBAC tests pass.,Pending implementation.,"Agent adoption in enterprises depends on governance, identity, quotas, docs, and launch evidence.","Orca becomes client-ready through controls, not autonomy claims.","Release blocks on approval bypass, sandbox, secret, MCP, or data-loss findings."
ELK-ORCA-PROD-092,Orca,Quotas Rate Limits,Proposed,P0,8 - Enterprise Governance Release,Week 12-15,Orca Agent,Customers can rely on quotas rate limits as part of a governed Orca execution runtime.,Define the production contract for Quotas Rate Limits; implement or verify the runtime path; add synthetic fixtures and negative tests; document operator behavior; update this CSV row with evidence after verification.,Billing/quotas modules,orca.quotas,orca.quotas.usage,orca.quota_exceeded,quota.record,"Quotas Rate Limits is implemented, documented, tested, emits the expected events/artifacts, and cannot bypass approval, sandbox, audit, or standalone boundary rules.",Quota tests pass.,Pending implementation.,"Agent adoption in enterprises depends on governance, identity, quotas, docs, and launch evidence.","Orca becomes client-ready through controls, not autonomy claims.","Release blocks on approval bypass, sandbox, secret, MCP, or data-loss findings."
ELK-ORCA-PROD-093,Orca,Provider Privacy Policy,Proposed,P0,8 - Enterprise Governance Release,Week 12-15,Security Agent,Customers can rely on provider privacy policy as part of a governed Orca execution runtime.,Define the production contract for Provider Privacy Policy; implement or verify the runtime path; add synthetic fixtures and negative tests; document operator behavior; update this CSV row with evidence after verification.,Model routing; secrets guard,orca.providers,orca.providers.usage,orca.provider_policy_updated,provider.policy,"Provider Privacy Policy is implemented, documented, tested, emits the expected events/artifacts, and cannot bypass approval, sandbox, audit, or standalone boundary rules.",Provider policy tests pass.,Pending implementation.,"Agent adoption in enterprises depends on governance, identity, quotas, docs, and launch evidence.","Orca becomes client-ready through controls, not autonomy claims.","Release blocks on approval bypass, sandbox, secret, MCP, or data-loss findings."
ELK-ORCA-PROD-094,Orca,Compliance Readiness Report,Proposed,P1,8 - Enterprise Governance Release,Week 12-15,Security Agent,Customers can rely on compliance readiness report as part of a governed Orca execution runtime.,Define the production contract for Compliance Readiness Report; implement or verify the runtime path; add synthetic fixtures and negative tests; document operator behavior; update this CSV row with evidence after verification.,NIST AI RMF; security controls,orca.compliance,orca.compliance.usage,orca.compliance_report_created,compliance.report,"Compliance Readiness Report is implemented, documented, tested, emits the expected events/artifacts, and cannot bypass approval, sandbox, audit, or standalone boundary rules.",Report review passes.,Pending implementation.,"Agent adoption in enterprises depends on governance, identity, quotas, docs, and launch evidence.","Orca becomes client-ready through controls, not autonomy claims.","Release blocks on approval bypass, sandbox, secret, MCP, or data-loss findings."
ELK-ORCA-PROD-095,Orca,Production Documentation,Proposed,P0,8 - Enterprise Governance Release,Week 12-15,Documentation Agent,Customers can rely on production documentation as part of a governed Orca execution runtime.,Define the production contract for Production Documentation; implement or verify the runtime path; add synthetic fixtures and negative tests; document operator behavior; update this CSV row with evidence after verification.,Implemented features,orca.docs,orca.docs.usage,orca.docs_updated,docs.orca,"Production Documentation is implemented, documented, tested, emits the expected events/artifacts, and cannot bypass approval, sandbox, audit, or standalone boundary rules.",Documentation review passes.,Pending implementation.,"Agent adoption in enterprises depends on governance, identity, quotas, docs, and launch evidence.","Orca becomes client-ready through controls, not autonomy claims.","Release blocks on approval bypass, sandbox, secret, MCP, or data-loss findings."
ELK-ORCA-PROD-096,Orca,Package Release Gate,Proposed,P0,8 - Enterprise Governance Release,Week 12-15,Release Agent,Customers can rely on package release gate as part of a governed Orca execution runtime.,Define the production contract for Package Release Gate; implement or verify the runtime path; add synthetic fixtures and negative tests; document operator behavior; update this CSV row with evidence after verification.,App scripts; docs,orca.release,orca.release.usage,orca.release_checked,release.report,"Package Release Gate is implemented, documented, tested, emits the expected events/artifacts, and cannot bypass approval, sandbox, audit, or standalone boundary rules.",cd elkhedr-orca && npm run manifest && npm test,Pending implementation.,"Agent adoption in enterprises depends on governance, identity, quotas, docs, and launch evidence.","Orca becomes client-ready through controls, not autonomy claims.","Release blocks on approval bypass, sandbox, secret, MCP, or data-loss findings."
ELK-ORCA-PROD-097,Orca,Beta Pilot Pack,Proposed,P0,8 - Enterprise Governance Release,Week 12-15,Product Agent,Customers can rely on beta pilot pack as part of a governed Orca execution runtime.,Define the production contract for Beta Pilot Pack; implement or verify the runtime path; add synthetic fixtures and negative tests; document operator behavior; update this CSV row with evidence after verification.,Docs; eval suites,orca.beta,orca.beta.usage,orca.beta_started,beta.pack,"Beta Pilot Pack is implemented, documented, tested, emits the expected events/artifacts, and cannot bypass approval, sandbox, audit, or standalone boundary rules.",Beta dry run passes with synthetic data.,Pending implementation.,"Agent adoption in enterprises depends on governance, identity, quotas, docs, and launch evidence.","Orca becomes client-ready through controls, not autonomy claims.","Release blocks on approval bypass, sandbox, secret, MCP, or data-loss findings."
ELK-ORCA-PROD-098,Orca,Launch Checklist,Proposed,P0,8 - Enterprise Governance Release,Week 12-15,Coordinator Agent,Customers can rely on launch checklist as part of a governed Orca execution runtime.,Define the production contract for Launch Checklist; implement or verify the runtime path; add synthetic fixtures and negative tests; document operator behavior; update this CSV row with evidence after verification.,All P0 tasks,orca.launch,orca.launch.usage,orca.launch_checked,launch.memo,"Launch Checklist is implemented, documented, tested, emits the expected events/artifacts, and cannot bypass approval, sandbox, audit, or standalone boundary rules.",Go/no-go memo has evidence for each P0 requirement.,Pending implementation.,"Agent adoption in enterprises depends on governance, identity, quotas, docs, and launch evidence.","Orca becomes client-ready through controls, not autonomy claims.","Release blocks on approval bypass, sandbox, secret, MCP, or data-loss findings."
ELK-ORCA-PROD-099,Orca,Post Launch KPIs,Proposed,P1,8 - Enterprise Governance Release,Week 12-15,Product Agent,Customers can rely on post launch kpis as part of a governed Orca execution runtime.,Define the production contract for Post Launch KPIs; implement or verify the runtime path; add synthetic fixtures and negative tests; document operator behavior; update this CSV row with evidence after verification.,Metrics; usage meters,orca.analytics,orca.analytics.usage,orca.kpi_report_created,kpi.report,"Post Launch KPIs is implemented, documented, tested, emits the expected events/artifacts, and cannot bypass approval, sandbox, audit, or standalone boundary rules.",Generate first synthetic KPI report.,Pending implementation.,"Agent adoption in enterprises depends on governance, identity, quotas, docs, and launch evidence.","Orca becomes client-ready through controls, not autonomy claims.","Release blocks on approval bypass, sandbox, secret, MCP, or data-loss findings."
